Id,Name
1,Name_1
2,Name_2
3,Name_3
4,Name_4
5,Name_5
6,Name_6
7,Name_7
8,Name_8
9,Name_9
10,Name_10
11,Name_11
12,Name_12
13,Name_13
14,Name_14
15,Name_15
16,Name_16
17,Name_17
18,Name_18
19,Name_19
20,Name_20
21,Name_21
22,Name_22
23,Name_23
24,Name_24
25,Name_25
26,Name_26
27,Name_27
28,Name_28
29,Name_29
30,Name_30
31,Name_31
32,Name_32
33,Name_33
34,Name_34
35,Name_35
36,Name_36
37,Name_37
38,Name_38
39,Name_39
40,Name_40
41,Name_41
42,Name_42
43,Name_43
44,Name_44
45,Name_45
46,Name_46
47,Name_47
48,Name_48
49,Name_49
50,Name_50
51,Name_51
52,Name_52
53,Name_53
54,Name_54
55,Name_55
56,Name_56
57,Name_57
58,Name_58
59,Name_59
60,Name_60
61,Name_61
62,Name_62
63,Name_63
64,Name_64
65,Name_65
66,Name_66
67,Name_67
68,Name_68
69,Name_69
70,Name_70
71,Name_71
72,Name_72
73,Name_73
74,Name_74
75,Name_75
76,Name_76
77,Name_77
78,Name_78
79,Name_79
80,Name_80
81,Name_81
82,Name_82
83,Name_83
84,Name_84
85,Name_85
86,Name_86
87,Name_87
88,Name_88
89,Name_89
90,Name_90
91,Name_91
92,Name_92
93,Name_93
94,Name_94
95,Name_95
96,Name_96
97,Name_97
98,Name_98
99,Name_99
100,Name_100
101,Name_101
102,Name_102
103,Name_103
104,Name_104
105,Name_105
106,Name_106
107,Name_107
108,Name_108
109,Name_109
110,Name_110
111,Name_111
112,Name_112
113,Name_113
114,Name_114
115,Name_115
116,Name_116
117,Name_117
118,Name_118
119,Name_119
120,Name_120
121,Name_121
122,Name_122
123,Name_123
124,Name_124
125,Name_125
126,Name_126
127,Name_127
128,Name_128
129,Name_129
130,Name_130
131,Name_131
132,Name_132
133,Name_133
134,Name_134
135,Name_135
136,Name_136
137,Name_137
138,Name_138
139,Name_139
140,Name_140
141,Name_141
142,Name_142
143,Name_143
144,Name_144
145,Name_145
146,Name_146
147,Name_147
148,Name_148
149,Name_149
150,Name_150
151,Name_151
152,Name_152
153,Name_153
154,Name_154
155,Name_155
156,Name_156
157,Name_157
158,Name_158
159,Name_159
160,Name_160
161,Name_161
162,Name_162
163,Name_163
164,Name_164
165,Name_165
166,Name_166
167,Name_167
168,Name_168
169,Name_169
170,Name_170
171,Name_171
172,Name_172
173,Name_173
174,Name_174
175,Name_175
176,Name_176
177,Name_177
178,Name_178
179,Name_179
180,Name_180
181,Name_181
182,Name_182
183,Name_183
184,Name_184
185,Name_185
186,Name_186
187,Name_187
188,Name_188
189,Name_189
190,Name_190
191,Name_191
192,Name_192
193,Name_193
194,Name_194
195,Name_195
196,Name_196
197,Name_197
198,Name_198
199,Name_199
200,Name_200
201,Name_201
202,Name_202
203,Name_203
204,Name_204
205,Name_205
206,Name_206
207,Name_207
208,Name_208
209,Name_209
210,Name_210
211,Name_211
212,Name_212
213,Name_213
214,Name_214
215,Name_215
216,Name_216
217,Name_217
218,Name_218
219,Name_219
220,Name_220
221,Name_221
222,Name_222
223,Name_223
224,Name_224
225,Name_225
226,Name_226
227,Name_227
228,Name_228
229,Name_229
230,Name_230
231,Name_231
232,Name_232
233,Name_233
234,Name_234
235,Name_235
236,Name_236
237,Name_237
238,Name_238
239,Name_239
240,Name_240
241,Name_241
242,Name_242
243,Name_243
244,Name_244
245,Name_245
246,Name_246
247,Name_247
248,Name_248
249,Name_249
250,Name_250
251,Name_251
252,Name_252
253,Name_253
254,Name_254
255,Name_255
256,Name_256
257,Name_257
258,Name_258
259,Name_259
260,Name_260
261,Name_261
262,Name_262
263,Name_263
264,Name_264
265,Name_265
266,Name_266
267,Name_267
268,Name_268
269,Name_269
270,Name_270
271,Name_271
272,Name_272
273,Name_273
274,Name_274
275,Name_275
276,Name_276
277,Name_277
278,Name_278
279,Name_279
280,Name_280
281,Name_281
282,Name_282
283,Name_283
284,Name_284
285,Name_285
286,Name_286
287,Name_287
288,Name_288
289,Name_289
290,Name_290
291,Name_291
292,Name_292
293,Name_293
294,Name_294
295,Name_295
296,Name_296
297,Name_297
298,Name_298
299,Name_299
300,Name_300
301,Name_301
302,Name_302
303,Name_303
304,Name_304
305,Name_305
306,Name_306
307,Name_307
308,Name_308
309,Name_309
310,Name_310
311,Name_311
312,Name_312
313,Name_313
314,Name_314
315,Name_315
316,Name_316
317,Name_317
318,Name_318
319,Name_319
320,Name_320
321,Name_321
322,Name_322
323,Name_323
324,Name_324
325,Name_325
326,Name_326
327,Name_327
328,Name_328
329,Name_329
330,Name_330
331,Name_331
332,Name_332
333,Name_333
334,Name_334
335,Name_335
336,Name_336
337,Name_337
338,Name_338
339,Name_339
340,Name_340
341,Name_341
342,Name_342
343,Name_343
344,Name_344
345,Name_345
346,Name_346
347,Name_347
348,Name_348
349,Name_349
350,Name_350
351,Name_351
352,Name_352
353,Name_353
354,Name_354
355,Name_355
356,Name_356
357,Name_357
358,Name_358
359,Name_359
360,Name_360
361,Name_361
362,Name_362
363,Name_363
364,Name_364
365,Name_365
366,Name_366
367,Name_367
368,Name_368
369,Name_369
370,Name_370
371,Name_371
372,Name_372
373,Name_373
374,Name_374
375,Name_375
376,Name_376
377,Name_377
378,Name_378
379,Name_379
380,Name_380
381,Name_381
382,Name_382
383,Name_383
384,Name_384
385,Name_385
386,Name_386
387,Name_387
388,Name_388
389,Name_389
390,Name_390
391,Name_391
392,Name_392
393,Name_393
394,Name_394
395,Name_395
396,Name_396
397,Name_397
398,Name_398
399,Name_399
400,Name_400
401,Name_401
402,Name_402
403,Name_403
404,Name_404
405,Name_405
406,Name_406
407,Name_407
408,Name_408
409,Name_409
410,Name_410
411,Name_411
412,Name_412
413,Name_413
414,Name_414
415,Name_415
416,Name_416
417,Name_417
418,Name_418
419,Name_419
420,Name_420
421,Name_421
422,Name_422
423,Name_423
424,Name_424
425,Name_425
426,Name_426
427,Name_427
428,Name_428
429,Name_429
430,Name_430
431,Name_431
432,Name_432
433,Name_433
434,Name_434
435,Name_435
436,Name_436
437,Name_437
438,Name_438
439,Name_439
440,Name_440
441,Name_441
442,Name_442
443,Name_443
444,Name_444
445,Name_445
446,Name_446
447,Name_447
448,Name_448
449,Name_449
450,Name_450
451,Name_451
452,Name_452
453,Name_453
454,Name_454
455,Name_455
456,Name_456
457,Name_457
458,Name_458
459,Name_459
460,Name_460
461,Name_461
462,Name_462
463,Name_463
464,Name_464
465,Name_465
466,Name_466
467,Name_467
468,Name_468
469,Name_469
470,Name_470
471,Name_471
472,Name_472
473,Name_473
474,Name_474
475,Name_475
476,Name_476
477,Name_477
478,Name_478
479,Name_479
480,Name_480
481,Name_481
482,Name_482
483,Name_483
484,Name_484
485,Name_485
486,Name_486
487,Name_487
488,Name_488
489,Name_489
490,Name_490
491,Name_491
492,Name_492
493,Name_493
494,Name_494
495,Name_495
496,Name_496
497,Name_497
498,Name_498
499,Name_499
500,Name_500
501,Name_501
502,Name_502
503,Name_503
504,Name_504
505,Name_505
506,Name_506
507,Name_507
508,Name_508
509,Name_509
510,Name_510
511,Name_511
512,Name_512
513,Name_513
514,Name_514
515,Name_515
516,Name_516
517,Name_517
518,Name_518
519,Name_519
520,Name_520
521,Name_521
522,Name_522
523,Name_523
524,Name_524
525,Name_525
526,Name_526
527,Name_527
528,Name_528
529,Name_529
530,Name_530
531,Name_531
532,Name_532
533,Name_533
534,Name_534
535,Name_535
536,Name_536
537,Name_537
538,Name_538
539,Name_539
540,Name_540
541,Name_541
542,Name_542
543,Name_543
544,Name_544
545,Name_545
546,Name_546
547,Name_547
548,Name_548
549,Name_549
550,Name_550
551,Name_551
552,Name_552
553,Name_553
554,Name_554
555,Name_555
556,Name_556
557,Name_557
558,Name_558
559,Name_559
560,Name_560
561,Name_561
562,Name_562
563,Name_563
564,Name_564
565,Name_565
566,Name_566
567,Name_567
568,Name_568
569,Name_569
570,Name_570
571,Name_571
572,Name_572
573,Name_573
574,Name_574
575,Name_575
576,Name_576
577,Name_577
578,Name_578
579,Name_579
580,Name_580
581,Name_581
582,Name_582
583,Name_583
584,Name_584
585,Name_585
586,Name_586
587,Name_587
588,Name_588
589,Name_589
590,Name_590
591,Name_591
592,Name_592
593,Name_593
594,Name_594
595,Name_595
596,Name_596
597,Name_597
598,Name_598
599,Name_599
600,Name_600
601,Name_601
602,Name_602
603,Name_603
604,Name_604
605,Name_605
606,Name_606
607,Name_607
608,Name_608
609,Name_609
610,Name_610
611,Name_611
612,Name_612
613,Name_613
614,Name_614
615,Name_615
616,Name_616
617,Name_617
618,Name_618
619,Name_619
620,Name_620
621,Name_621
622,Name_622
623,Name_623
624,Name_624
625,Name_625
626,Name_626
627,Name_627
628,Name_628
629,Name_629
630,Name_630
631,Name_631
632,Name_632
633,Name_633
634,Name_634
635,Name_635
636,Name_636
637,Name_637
638,Name_638
639,Name_639
640,Name_640
641,Name_641
642,Name_642
643,Name_643
644,Name_644
645,Name_645
646,Name_646
647,Name_647
648,Name_648
649,Name_649
650,Name_650
651,Name_651
652,Name_652
653,Name_653
654,Name_654
655,Name_655
656,Name_656
657,Name_657
658,Name_658
659,Name_659
660,Name_660
661,Name_661
662,Name_662
663,Name_663
664,Name_664
665,Name_665
666,Name_666
667,Name_667
668,Name_668
669,Name_669
670,Name_670
671,Name_671
672,Name_672
673,Name_673
674,Name_674
675,Name_675
676,Name_676
677,Name_677
678,Name_678
679,Name_679
680,Name_680
681,Name_681
682,Name_682
683,Name_683
684,Name_684
685,Name_685
686,Name_686
687,Name_687
688,Name_688
689,Name_689
690,Name_690
691,Name_691
692,Name_692
693,Name_693
694,Name_694
695,Name_695
696,Name_696
697,Name_697
698,Name_698
699,Name_699
700,Name_700
701,Name_701
702,Name_702
703,Name_703
704,Name_704
705,Name_705
706,Name_706
707,Name_707
708,Name_708
709,Name_709
710,Name_710
711,Name_711
712,Name_712
713,Name_713
714,Name_714
715,Name_715
716,Name_716
717,Name_717
718,Name_718
719,Name_719
720,Name_720
721,Name_721
722,Name_722
723,Name_723
724,Name_724
725,Name_725
726,Name_726
727,Name_727
728,Name_728
729,Name_729
730,Name_730
731,Name_731
732,Name_732
733,Name_733
734,Name_734
735,Name_735
736,Name_736
737,Name_737
738,Name_738
739,Name_739
740,Name_740
741,Name_741
742,Name_742
743,Name_743
744,Name_744
745,Name_745
746,Name_746
747,Name_747
748,Name_748
749,Name_749
750,Name_750
751,Name_751
752,Name_752
753,Name_753
754,Name_754
755,Name_755
756,Name_756
757,Name_757
758,Name_758
759,Name_759
760,Name_760
761,Name_761
762,Name_762
763,Name_763
764,Name_764
765,Name_765
766,Name_766
767,Name_767
768,Name_768
769,Name_769
770,Name_770
771,Name_771
772,Name_772
773,Name_773
774,Name_774
775,Name_775
776,Name_776
777,Name_777
778,Name_778
779,Name_779
780,Name_780
781,Name_781
782,Name_782
783,Name_783
784,Name_784
785,Name_785
786,Name_786
787,Name_787
788,Name_788
789,Name_789
790,Name_790
791,Name_791
792,Name_792
793,Name_793
794,Name_794
795,Name_795
796,Name_796
797,Name_797
798,Name_798
799,Name_799
800,Name_800
801,Name_801
802,Name_802
803,Name_803
804,Name_804
805,Name_805
806,Name_806
807,Name_807
808,Name_808
809,Name_809
810,Name_810
811,Name_811
812,Name_812
813,Name_813
814,Name_814
815,Name_815
816,Name_816
817,Name_817
818,Name_818
819,Name_819
820,Name_820
821,Name_821
822,Name_822
823,Name_823
824,Name_824
825,Name_825
826,Name_826
827,Name_827
828,Name_828
829,Name_829
830,Name_830
831,Name_831
832,Name_832
833,Name_833
834,Name_834
835,Name_835
836,Name_836
837,Name_837
838,Name_838
839,Name_839
840,Name_840
841,Name_841
842,Name_842
843,Name_843
844,Name_844
845,Name_845
846,Name_846
847,Name_847
848,Name_848
849,Name_849
850,Name_850
851,Name_851
852,Name_852
853,Name_853
854,Name_854
855,Name_855
856,Name_856
857,Name_857
858,Name_858
859,Name_859
860,Name_860
861,Name_861
862,Name_862
863,Name_863
864,Name_864
865,Name_865
866,Name_866
867,Name_867
868,Name_868
869,Name_869
870,Name_870
871,Name_871
872,Name_872
873,Name_873
874,Name_874
875,Name_875
876,Name_876
877,Name_877
878,Name_878
879,Name_879
880,Name_880
881,Name_881
882,Name_882
883,Name_883
884,Name_884
885,Name_885
886,Name_886
887,Name_887
888,Name_888
889,Name_889
890,Name_890
891,Name_891
892,Name_892
893,Name_893
894,Name_894
895,Name_895
896,Name_896
897,Name_897
898,Name_898
899,Name_899
900,Name_900
901,Name_901
902,Name_902
903,Name_903
904,Name_904
905,Name_905
906,Name_906
907,Name_907
908,Name_908
909,Name_909
910,Name_910
911,Name_911
912,Name_912
913,Name_913
914,Name_914
915,Name_915
916,Name_916
917,Name_917
918,Name_918
919,Name_919
920,Name_920
921,Name_921
922,Name_922
923,Name_923
924,Name_924
925,Name_925
926,Name_926
927,Name_927
928,Name_928
929,Name_929
930,Name_930
931,Name_931
932,Name_932
933,Name_933
934,Name_934
935,Name_935
936,Name_936
937,Name_937
938,Name_938
939,Name_939
940,Name_940
941,Name_941
942,Name_942
943,Name_943
944,Name_944
945,Name_945
946,Name_946
947,Name_947
948,Name_948
949,Name_949
950,Name_950
951,Name_951
952,Name_952
953,Name_953
954,Name_954
955,Name_955
956,Name_956
957,Name_957
958,Name_958
959,Name_959
960,Name_960
961,Name_961
962,Name_962
963,Name_963
964,Name_964
965,Name_965
966,Name_966
967,Name_967
968,Name_968
969,Name_969
970,Name_970
971,Name_971
972,Name_972
973,Name_973
974,Name_974
975,Name_975
976,Name_976
977,Name_977
978,Name_978
979,Name_979
980,Name_980
981,Name_981
982,Name_982
983,Name_983
984,Name_984
985,Name_985
986,Name_986
987,Name_987
988,Name_988
989,Name_989
990,Name_990
991,Name_991
992,Name_992
993,Name_993
994,Name_994
995,Name_995
996,Name_996
997,Name_997
998,Name_998
999,Name_999
1000,Name_1000
1001,Name_1001